id,title,brand,date_created,last_updated,price,seller_address_state_name,tags_0,tags_1
MLA1102136331,Cocina Escorial Candor S2 Gas Natural 4 Hornallas Blanca Puerta Con Visor,Escorial,2021-09-07T18:25:44.000Z,2024-02-27T17:28:11.000Z,204863,Capital Federal,cuota-simple-paid-by-buyer,brand_verified
MLA1396716249,Cocina Multigas Peabody 53cm Color Gris,Peabody,2023-11-23T16:45:10.000Z,2024-02-27T11:47:01.000Z,259999,Capital Federal,good_quality_thumbnail,extended_warranty_eligible
MLA1359741954,Cocina Florencia Recta 5517f A Gas 4 Hornallas  Negra Puerta Con Visor 65l,Florencia,2023-02-27T21:06:53.000Z,2024-02-27T16:49:08.000Z,290316,Buenos Aires,good_quality_thumbnail,extended_warranty_eligible
MLA1147511311,Cocina Escorial Master Classic S2 56cm Ge Blanca Color Blanco Tipo De Conexión Gas Natural,Escorial,2022-07-19T20:49:12.000Z,2024-02-27T17:29:17.000Z,241511,Capital Federal,good_quality_thumbnail,extended_warranty_eligible
MLA934239451,Cocina Escorial Candor Gas Natural 4 Hornallas  Blanca 220v Puerta Con Visor 52.6l,Escorial,2021-08-13T18:09:41.000Z,2024-02-27T12:43:39.000Z,305199,Buenos Aires,mshops_cuota-simple-6,good_quality_picture
MLA932966604,Cocina Escorial Candor S2 A Gas Licuado 4 Hornallas  Blanca 220v Puerta Con Visor,Escorial,2021-08-05T20:39:45.000Z,2024-02-27T16:42:40.000Z,201999,Buenos Aires,good_quality_picture,good_quality_thumbnail
MLA1108803819,Cocina Blanca 4 Hornallas Visor Y Parilla Voltaje 220v Color Negro Gas Natural.,Escorial,2021-10-19T18:54:20.000Z,2024-02-27T13:24:26.000Z,225555,Capital Federal,good_quality_thumbnail,brand_verified
MLA1246616631,Gafa Cgx56 Gas/eléctrica - 4 - Gris - 220v - Con Visor - Gn,Gafa,2022-11-16T17:42:25.000Z,2024-02-26T03:07:18.000Z,929999,Capital Federal,good_quality_thumbnail,good_quality_picture
MLA1400697459,Cocina Escorial Candor S2 A Gas Natural 4 Hornallas  Negra 220v Puerta Con Visor,Escorial,2023-12-29T22:21:12.846Z,2024-02-26T03:04:43.767Z,217740.6,Córdoba,extended_warranty_eligible,cuota-simple-paid-by-buyer
MLA898852126,Cocina Florencia Recta 5516f A Gas 4 Hornallas  Blanca Puerta Con Visor,Florencia,2020-11-26T13:02:10.000Z,2024-02-27T03:14:49.000Z,305999,Capital Federal,extended_warranty_eligible,deal_of_the_day
MLA1100624634,Cocina Industrial Saho Jitaku 550 Gas Natural 4 Hornallas  Acero Inoxidable Puerta Con Visor 73l,Saho,2021-08-31T15:27:59.000Z,2024-02-27T12:44:25.000Z,614261.28,Capital Federal,good_quality_thumbnail,loyalty_discount_eligible
MLA1648633688,Cocina Philco Phch050 Eléctrica 4 Hornallas  Plata 220v Puerta Con Visor,Philco,2024-01-29T14:00:24.000Z,2024-02-26T14:00:38.000Z,749018.32,Capital Federal,good_quality_thumbnail,mshops_cuota-simple-6
MLA1308642836,Cocina Escorial Candor S2 A Gas Envasado 4 Hornallas  Negra 220v Puerta Con Visor,Escorial,2023-01-11T17:45:06.000Z,2024-02-26T03:10:04.000Z,249999,Capital Federal,extended_warranty_eligible,cuota-simple-3
MLA1546374494,Cocina Longvie Standard 12331x A Gas/eléctrica 4 Hornallas  Acero Inoxidable 220v Puerta Con Visor 70l,Longvie,2023-10-25T13:32:08.000Z,2024-02-27T11:42:52.000Z,542359,Buenos Aires,cuota-simple-paid-by-buyer,good_quality_thumbnail
MLA1175007477,Cocina Florencia Recta 5518f A Gas 4 Hornallas  Acero Inoxidable Puerta Con Visor 65l,Florencia,2022-09-23T11:17:04.000Z,2024-02-26T04:31:25.551Z,392220,Córdoba,extended_warranty_eligible,good_quality_picture
MLA1394177625,Cocina Industrial Saho Jitaku 550 Multigrill Visor A Gas 2 Hornallas  Plateada Puerta Con Visor 72l,Saho,2023-10-31T19:45:12.000Z,2024-02-26T14:04:18.000Z,451930,Capital Federal,good_quality_thumbnail,standard_price_by_channel
MLA1401266229,Cocina Longvie Standard 12231x A Gas 4 Hornallas  Acero Inoxidable Puerta Con Visor 70l,Longvie,2024-01-04T13:14:03.000Z,2024-02-27T17:09:07.000Z,471379,Buenos Aires,extended_warranty_eligible,deal_of_the_day
MLA1523084872,Cocina Escorial Candor Gas Envasado 4 Hornallas  Negra Puerta Con Visor,Escorial,2023-09-29T14:43:14.000Z,2024-02-27T15:38:06.000Z,238999,Buenos Aires,cuota-simple-paid-by-buyer,good_quality_thumbnail
MLA929467139,Cocina Electrolux 56gxq A Gas/eléctrica 4 Hornallas Acero Inoxidable 127v/220v Puerta Con Visor 69.5l,Electrolux,2021-07-14T18:09:00.000Z,2024-02-27T02:31:20.692Z,731999,Capital Federal,good_quality_picture,good_quality_thumbnail
MLA1138530754,Cocina Industrial Saho Jitaku 820 A Gas/eléctrica 4 Hornallas  Acero Inoxidable 220v Puerta Con Visor 304l,Saho,2022-05-23T18:46:41.000Z,2024-02-26T02:52:31.396Z,635999,Santa Fe,good_quality_picture,catalog_boost
MLA1131018076,Cocina A Gas Longvie 12231x 56cm Inox Cajón Parrilla Color Acero Inoxidable,Longvie,2022-04-06T19:33:29.000Z,2024-02-27T12:39:27.000Z,530199,Capital Federal,cuota-simple-paid-by-buyer,good_quality_thumbnail
MLA1410126885,Cocina Philco Phch050 Eléctrica 4 Hornallas  Blanca 220v Puerta Con Visor,Philco,2024-02-18T16:07:07.000Z,2024-02-26T17:29:47.000Z,529567,Capital Federal,good_quality_thumbnail,extended_warranty_eligible
MLA1148725753,Cocina Escorial Candor Gas Envasado 4 Hornallas  Blanca Puerta Con Visor,Escorial,2022-07-28T19:01:39.000Z,2024-02-26T11:23:48.000Z,224999,Capital Federal,extended_warranty_eligible,good_quality_picture
MLA913893405,Cocina Florencia Recta 5537 A Gas Con Ecendido Eléctrico  4 Hornallas  Negra 220v Puerta Con Visor 65l,Florencia,2021-03-29T12:39:39.000Z,2024-02-27T03:12:37.000Z,522605,Santa Fe,loyalty_discount_eligible,standard_price_by_channel
MLA1124591169,Cocina A Gas Longvie 12331x 56cm Inox Cajón Parrilla Color Acero Inoxidable,Longvie,2022-02-22T19:55:30.000Z,2024-02-26T03:49:31.000Z,579979,Capital Federal,extended_warranty_eligible,cuota-simple-paid-by-buyer
MLA1198536823,Cocina A Gas Natural Escorial Master Black Valvula Seguridad Color Negro,Escorial,2022-10-17T18:11:08.000Z,2024-02-26T18:39:22.000Z,244969,Capital Federal,good_quality_picture,good_quality_thumbnail
MLA1380503919,Cocina Industrial Usman Win Up A Gas 4 Hornallas  Acero Inoxidable Puerta Con Visor,Usman,2023-07-28T19:52:26.000Z,2024-02-27T03:14:17.000Z,396614,Santa Fe,extended_warranty_eligible,deal_of_the_day
MLA1471672952,Cocina Drean Cd5502ai Multigas 4 Hornallas Inoxidable 220v Puerta Con Visor,Drean,2023-08-14T20:35:10.000Z,2024-02-26T20:25:15.872Z,499999,Buenos Aires,good_quality_thumbnail,extended_warranty_eligible
MLA1129241028,Cocina A Gas Longvie 13331xf 56cm Inox Cajón Parrilla Color Acero Inoxidable Tipo De Conexión Multigas,Longvie,2022-03-25T11:48:00.000Z,2024-02-27T03:06:47.000Z,604089,Santa Fe,standard_price_by_channel,cuota-simple-paid-by-buyer
MLA1571043030,Cocina Electrica Kacemaster - 50 Cm - Blanca - Bajo Consumo Color Blanco,Kacemaster,2023-11-21T16:21:52.000Z,2024-02-27T16:04:16.000Z,532435.65,Capital Federal,brand_verified,good_quality_thumbnail
MLA1390994691,Cocina Escorial Master Classic A Gas 4 Hornallas  Blanca Puerta Con Visor,Escorial,2023-10-02T20:55:37.000Z,2024-02-26T06:05:18.000Z,245499,Buenos Aires,good_quality_thumbnail,cuota-simple-paid-by-buyer
MLA1379343197,Cocina Escorial Master Classic Gas Envasado 56cm Color Negro,Escorial,2023-07-24T21:18:22.000Z,2024-02-27T12:53:19.674Z,323699,Capital Federal,good_quality_thumbnail,mshops_cuota-simple-3
MLA1538571588,Cocina Longvie Standard 13501xf Multigas 4 Hornallas  Acero Inoxidable 220v Puerta Con Visor 74l,Longvie,2023-10-17T10:12:46.000Z,2024-02-27T03:11:16.000Z,728189,Buenos Aires,good_quality_thumbnail,deal_of_the_day
MLA1149528650,Cocina Industrial Saho Kuro 550 A Gas 4 Hornallas  Negra Puerta Con Visor,Saho,2022-08-03T18:37:40.000Z,2024-02-27T12:42:48.000Z,370716.6,Capital Federal,extended_warranty_eligible,standard_price_by_channel
MLA841365874,Cocina Whirlpool Wfx57dw Multigas 4 Hornallas Inoxidable 220v Puerta Con Visor 60l,Whirlpool,2020-02-28T13:58:54.000Z,2024-02-27T13:12:36.000Z,690999,Capital Federal,brand_verified,loyalty_discount_eligible
MLA1394376847,Cocina A Gas Whirlpool Inoxidable 49 Cm,Whirlpool,2023-11-02T15:38:48.000Z,2024-02-26T13:41:56.642Z,562499,Buenos Aires,cuota-simple-paid-by-buyer,good_quality_thumbnail
MLA1411622699,Cocina Master Classic 56cm Vs Ge Bl Escorial Color Blanco Tipo De Conexión Gas Envasado,Escorial,2024-02-26T14:02:17.000Z,2024-02-27T16:03:08.000Z,245999,Buenos Aires,good_quality_thumbnail,deal_of_the_day
MLA1123514374,Cocina Eskabe Eskabe  57 Cm Co Q10 X Multigas 4 Hornallas  Inoxidable 220v Puerta Con Visor 68l,Eskabe,2022-02-14T15:48:29.000Z,2024-02-26T06:30:37.884Z,620499,Capital Federal,good_quality_picture,good_quality_thumbnail
MLA1438332270,Cocina A Gas Longvie 12231b 56cm Blanca Cajón Parrilla Color Blanco,Longvie,2023-06-26T14:06:47.000Z,2024-02-26T12:04:04.000Z,487843.05,Buenos Aires,cuota-simple-paid-by-buyer,good_quality_thumbnail
MLA1401420651,Cocina Martiri Crystal Inox  Gas Natural Y Envasado,Martiri,2024-01-05T18:24:10.000Z,2024-02-26T03:02:50.000Z,321999,Buenos Aires,good_quality_thumbnail,extended_warranty_eligible
MLA1274431192,Cocina Electrolux 56dbq A Gas/eléctrica 4 Hornallas  Inox Y Blanca 220v Puerta Con Visor 108.5l Con Horno Doble,Electrolux,2022-12-06T15:39:55.000Z,2024-02-27T12:22:08.000Z,999249,Santa Fe,good_quality_thumbnail,cuota-simple-6
MLA1373472097,Cocina A Gas Longvie 13331bf 56cm Blanca Cajón Parrilla Color Blanco,Longvie,2023-06-15T11:13:54.000Z,2024-02-27T03:11:28.000Z,576189,Buenos Aires,extended_warranty_eligible,cuota-simple-paid-by-buyer
MLA1389397839,Cocina Saho 55 Puerta Visor Multigrill,Morelli,2023-09-22T15:19:51.000Z,2024-02-27T12:55:07.000Z,399999,Buenos Aires,cuota-simple-paid-by-buyer,extended_warranty_eligible
MLA1395639695,Cocina Philco Phce051b Eléctrica 4 Hornallas  Blanca 220v - 240v Puerta Con Visor,Philco,2023-11-13T17:52:03.000Z,2024-02-26T19:19:35.000Z,598999,Capital Federal,extended_warranty_eligible,good_quality_thumbnail
MLA1381472553,Cocina Sobre Mesada 2 Hornallas Horno Gas Envasado,Brogas,2023-08-03T19:42:27.000Z,2024-02-26T02:58:48.000Z,459999,Capital Federal,moderation_penalty,good_quality_thumbnail
MLA1553932402,Cocina Volcan 87644v 4 Hornallas Blanca Multigas Gn/glp,Volcan,2023-11-02T11:52:38.000Z,2024-02-27T03:17:45.990Z,401800,Capital Federal,deal_of_the_day,extended_warranty_eligible
MLA1105502612,Cocina Industrial Saho Jitaku 550 A Gas 4 Hornallas  Acero Inoxidable Puerta Ciega 73l,Saho,2021-09-27T18:21:19.000Z,2024-02-27T14:18:17.000Z,368306,Buenos Aires,good_quality_thumbnail,loyalty_discount_eligible
MLA1623876420,Corbelli Semi-industrial Cf-60 Gas - 4 - Plateado - Ciega - Multigas,Corbelli,2024-01-09T12:38:05.000Z,2024-02-26T06:30:06.000Z,672163,Buenos Aires,extended_warranty_eligible,good_quality_thumbnail
MLA1101803917,Florencia Recta 5536f Gas Con Encendido Eléctrico - 4 - Blanco - 220v - Con Visor - Gn,Florencia,2021-09-06T11:38:15.000Z,2024-02-27T03:12:09.000Z,532265,Santa Fe,extended_warranty_eligible,good_quality_thumbnail
MLA1245972884,Cocina Gafa Cgb56 Gas Natural 4 Hornallas  Blanca 220v Puerta Con Visor 60l,Gafa,2022-11-16T17:36:33.000Z,2024-02-21T13:30:22.000Z,1289999,Capital Federal,good_quality_thumbnail,extended_warranty_eligible
MLA1480515152,Licuadora Industrial Digital Jugo Fruta 2l Daewoo Dibl767c,Daewoo,2023-08-23T13:36:12.000Z,2024-02-27T12:34:56.000Z,162948,Capital Federal,deal_of_the_day,extended_warranty_eligible
MLA1146251454,"Licuadora Col Home 5 Velocidades 600 Watts Acero Inoxidable Vaso Vidrio 1,5 Litros 220v",Col Home,2022-07-08T21:30:07.000Z,2024-02-27T17:00:10.715Z,41997,Capital Federal,good_quality_picture,extended_warranty_eligible
MLA1390276263,Licuadora De Vaso Atma 1.5 Litros Jarra Plástica Li8445ap 2 Velocidades,Atma,2023-09-27T19:40:28.000Z,2024-02-27T17:02:27.402Z,38999,Buenos Aires,good_quality_thumbnail,extended_warranty_eligible
MLA1374933795,Licuadora Peabody Pe-ln805 1.75 L Con Jarra De Vidrio P1 Color Blanco,Peabody,2023-06-28T13:39:36.000Z,2024-02-27T03:34:41.580Z,60999,Capital Federal,good_quality_thumbnail,extended_warranty_eligible
MLA1566856186,Licuadora De Vaso Jarra Plástica Blanca 1.5 Lt 400w Atma,Atma,2023-11-16T15:27:21.000Z,2024-02-27T15:34:12.506Z,41249,Buenos Aires,1p_24x_campaign,extended_warranty_eligible
MLA1282287191,Licuadora De Vaso Philco Li8445pp 500w 2 Vel + Pulso,Philco,2022-12-15T11:21:33.000Z,2024-02-27T16:00:45.000Z,39999,Buenos Aires,extended_warranty_eligible,good_quality_thumbnail
MLA916425473,Licuadora Peabody Pe-ln601 1.5 L Negra P1 Color Negro,Peabody,2021-04-15T20:08:13.000Z,2024-02-27T14:22:12.000Z,45899,Buenos Aires,loyalty_discount_eligible,deal_of_the_day
MLA1262522195,Licuadora De Vaso Atma Pro Li8450ap 500w Jarra Vidrio Inox,Atma,2022-11-28T12:52:19.000Z,2024-02-27T16:43:32.273Z,53999,Buenos Aires,extended_warranty_eligible,cuota-simple-paid-by-buyer
MLA1146886222,Licuadora Oster Blstpyg1211nbg 1.5 L Plata Con Jarra De Vidrio 220v,Oster,2022-07-14T18:52:09.000Z,2024-02-27T17:05:06.000Z,199999,Buenos Aires,good_quality_thumbnail,cuota-simple-3
MLA1144388590,Licuadora Spica Sp-800 Jarra De Vidrio 1.5l + Molinillo 220v Color Negro,Spica,2022-06-27T13:02:30.000Z,2024-02-23T21:38:01.785Z,169999,Capital Federal,good_quality_thumbnail,extended_warranty_eligible
MLA910362755,Licuadora Winco W1902 1.5 L Negra Con Jarra De Plástico 220v,Winco,2021-03-03T02:08:12.000Z,2024-02-27T12:55:11.208Z,37599,Capital Federal,brand_verified,good_quality_picture
MLA1119439398,Licuadora Peabody Pe-ln805 1.75 L Roja C/ Jarra De Vidrio P1 Color Rojo,Peabody,2022-01-14T12:30:11.000Z,2024-02-27T17:00:24.000Z,59999,Capital Federal,good_quality_picture,extended_warranty_eligible
MLA1123953421,Licuadora Portátil King W1905 570 Ml Negra Con Jarra De Plástico 220v,King,2022-02-17T16:39:28.000Z,2024-02-27T17:02:56.319Z,48806,Capital Federal,extended_warranty_eligible,good_quality_thumbnail
MLA1660858262,Licuadora Kanji Jarra De Vidrio 2 En 1 Picadora 1.5lts 600w Color Blanco,Kanji,2024-02-07T13:42:38.000Z,2024-02-27T15:15:59.000Z,38149,Capital Federal,deal_of_the_day,extended_warranty_eligible
MLA1405893573,Licuadora Portátil Ultracomb Mixer To Go Lc-2203 600 Ml Turquesa Con Jarra De Plástico 220v,Ultracomb,2024-02-01T14:57:44.000Z,2024-02-27T17:20:15.965Z,31999,Buenos Aires,extended_warranty_eligible,good_quality_thumbnail
MLA919115229,Licuadora Portátil Liliana Sportlic Al116 600 Ml Color Acero Inoxidable,Liliana,2021-05-04T16:44:12.000Z,2024-02-27T15:35:32.000Z,37999,Capital Federal,loyalty_discount_eligible,extended_warranty_eligible
MLA1562268514,Licuadora Personal Atma Essential Fit Lp8445 Blanca 600ml,Atma,2023-11-11T14:35:48.000Z,2024-02-27T16:58:19.102Z,48579,Buenos Aires,1p_24x_campaign,good_quality_thumbnail
MLA1198269642,Licuadora Black Decker Bl1001 500w Jarra 2 Litros Color Blanco,Black+Decker,2022-10-17T14:26:59.000Z,2024-02-27T16:42:41.000Z,36099,Buenos Aires,good_quality_picture,good_quality_thumbnail
MLA1590906552,Licuadora De Mano Atma Lm8527ap Mixer 600w,Atma,2023-12-06T17:04:46.000Z,2024-02-27T12:33:30.799Z,42857,Buenos Aires,good_quality_thumbnail,extended_warranty_eligible
MLA907590463,Licuadora Turboblender Tb 50 2 L Negra Con Jarra De Tritan 220v,Turboblender,2021-02-08T14:19:06.000Z,2024-02-26T20:18:47.639Z,219999,Buenos Aires,loyalty_discount_eligible,extended_warranty_eligible
MLA1319984732,Licuadora Profesional Jugo Fruta 2 L 1600w Daewoo Dibl-210e Color Negro,Daewoo,2023-01-25T11:45:49.000Z,2024-02-27T15:21:22.000Z,104999,Capital Federal,extended_warranty_eligible,good_quality_thumbnail
MLA1464242452,Licuadora Philips Daily Collection Hr2127/90 2 L Negra Con Jarra De Plástico 220v,Philips,2023-08-01T15:56:50.000Z,2024-02-27T13:35:18.000Z,72995,Buenos Aires,extended_warranty_eligible,good_quality_thumbnail
MLA791696367,Mini Licuadora Portatil Autolimpiante Usb 380ml 4 Hojas,Libercam,2019-06-10T14:09:21.000Z,2024-02-27T17:00:23.000Z,13699,Capital Federal,good_quality_thumbnail,extended_warranty_eligible
MLA1297549346,Licuadora Kanji Kanji Home Kjh-bl0600la01 1.5 L Roja Con Jarra De Vidrio 220v,Kanji,2023-01-02T18:20:10.000Z,2024-02-27T13:18:55.392Z,38149,Capital Federal,deal_of_the_day,extended_warranty_eligible
MLA1399293009,Mixer Peabody Smartchef Pe-lm322 Rojo 220v - 240v 600w P1,Peabody,2023-12-18T17:30:37.000Z,2024-02-25T08:54:47.175Z,49998,Buenos Aires,extended_warranty_eligible,good_quality_thumbnail
MLA1216363051,"Liliana Licuadora Jarra 1,5 Lts. 500w",Liliana,2022-10-28T17:56:52.000Z,2024-02-27T17:00:34.000Z,36479,Capital Federal,good_quality_thumbnail,good_quality_picture
MLA1398391757,"Licuadora Eurocook Ec-blp152n 1,5 L (negra) Color Negro",Eurocook,2023-12-07T15:45:45.000Z,2024-02-27T00:50:15.000Z,32999,Capital Federal,extended_warranty_eligible,good_quality_thumbnail
MLA1562230274,Licuadora Personal Atma Essential Fit Lp8445 Celeste 600ml,Atma,2023-11-11T14:35:37.000Z,2024-02-27T16:45:04.599Z,48579,Buenos Aires,extended_warranty_eligible,1p_24x_campaign
MLA1151045829,Licuadora Optimix Plus Blanca Moulinex Lm2701ar Color Blanco,Moulinex,2022-08-11T14:21:02.000Z,2024-02-27T15:00:42.000Z,56290,Buenos Aires,good_quality_thumbnail,extended_warranty_eligible
MLA907411040,Licuadora Philips Hr2030 2 L Blanca Y Lavanda Con Jarra De San 220v - 240v,Philips,2021-02-06T18:54:39.000Z,2024-02-27T14:40:05.000Z,74980,Capital Federal,good_quality_thumbnail,brand_verified
MLA1174041739,Licuadora Portátil Ultracomb Mixer To Go Lc-2203 600 Ml Púrpura Con Jarra De Plástico 220v,Ultracomb,2022-09-22T15:46:41.000Z,2024-02-26T21:16:20.938Z,33099,Capital Federal,good_quality_picture,extended_warranty_eligible
MLA1116682277,Licuadora Turboblender Tb 50 2 L Azul Con Jarra De Tritan 220v,Turboblender,2021-12-20T20:23:37.000Z,2024-02-26T20:59:46.000Z,219999,Buenos Aires,extended_warranty_eligible,good_quality_thumbnail
MLA1495967688,Licuadora Liliana Blacklic Al310 Jarra 1.5l Molinillo Cafe Color Negro,Liliana,2023-09-05T14:19:06.000Z,2024-02-27T14:09:52.000Z,55479.27,Buenos Aires,good_quality_thumbnail,extended_warranty_eligible
MLA1300489138,"Licuadora 1,5lts Liliana Blendy Al300 600w Jarra Apto Hielo Color Blanco",Liliana,2023-01-05T10:42:38.000Z,2024-02-27T11:35:48.000Z,45399,Capital Federal,good_quality_thumbnail,extended_warranty_eligible
MLA1106357303,Licuadora De Mesa Smartlife Sl-bl1008b Jarra De Vidrio 1.5lts.,Smartlife,2021-10-02T17:31:23.000Z,2024-02-26T21:04:27.000Z,69999,Buenos Aires,good_quality_picture,extended_warranty_eligible
MLA1629394556,Oster Classic Blst4655 1.25 L - Negro - 220v - Vidrio,Oster,2024-01-13T12:37:29.000Z,2024-02-27T13:01:32.000Z,159490,Capital Federal,good_quality_thumbnail,extended_warranty_eligible
MLA1401929805,Licuadora De Mesa Smartlife 600w Sl-bl1055pn,Smartlife,2024-01-10T12:50:05.000Z,2024-02-26T00:44:35.000Z,63909.23,Buenos Aires,cuota-simple-paid-by-buyer,extended_warranty_eligible
MLA1616758372,Licuadora Personal Atma Essential Fit Lp8445 Rosa 600ml 300w,Atma,2024-01-02T14:03:33.000Z,2024-02-26T21:33:33.000Z,44899,Capital Federal,extended_warranty_eligible,good_quality_thumbnail
MLA1394916393,Licuadora Oster Classic Blst4655 1.25 L Cromada Con Jarra De Vidrio 220v,Oster,2023-11-07T21:40:55.000Z,2024-02-27T13:01:17.000Z,140599,Capital Federal,standard_price_by_channel,good_quality_thumbnail
MLA1652504280,Licuadora Portátil Recargable Vidrio 6 Cuchillas Pica Hielo,Juice,2024-02-01T02:40:29.000Z,2024-02-27T00:34:52.000Z,15372,Capital Federal,good_quality_thumbnail,extended_warranty_eligible
MLA1100453479,Licuadora Moulinex Optimix Plus Lm270558 550 W 2 Lts Roja Color Rojo,Moulinex,2021-08-30T14:14:33.000Z,2024-02-22T22:05:20.871Z,48400,Capital Federal,good_quality_picture,good_quality_thumbnail
MLA1477175288,Licuadora Profesional Jugo Fruta 2 L 1600w Daewoo Dibl-210e Color Rojo,Daewoo,2023-08-19T02:23:30.000Z,2024-02-27T14:12:19.000Z,104999,Capital Federal,good_quality_thumbnail,extended_warranty_eligible
MLA1436477612,Licuadora Portátil Green Bazar Zdk-c8 480 Ml Con Usb Blanca 220v,Green Bazar,2023-06-22T13:44:06.000Z,2024-02-24T15:41:32.937Z,53450,Capital Federal,extended_warranty_eligible,good_quality_thumbnail
MLA1436425966,Licuadora Portátil Green Bazar Zdk-c8 480 Ml Con Usb Verde 220v,Green Bazar,2023-06-22T13:45:36.000Z,2024-02-27T06:26:09.712Z,51100,Capital Federal,extended_warranty_eligible,good_quality_thumbnail
MLA907589457,Licuadora Industrial Turboblender Tb 79 2.5 L Negra Con Jarra De Tritan 220v - 240v,Turboblender,2021-02-08T14:20:04.000Z,2024-02-25T10:31:22.427Z,353999,Buenos Aires,good_quality_picture,brand_verified
MLA1625151904,Licuadora Pica Hielo Acero Inox 500w Jarra De Vidrio New !! Color Plateado,Litium,2024-01-09T18:53:03.000Z,2024-02-27T12:31:11.000Z,59328.75,Capital Federal,extended_warranty_eligible,good_quality_thumbnail
MLA1218561506,Licuadora Black Decker Bl1002 2 Litros Jarra Acrilica 500w Color Blanco,Black+Decker,2022-10-31T10:09:15.000Z,2024-02-26T17:24:58.171Z,40305,Capital Federal,cuota-simple-paid-by-buyer,extended_warranty_eligible
MLA1150568567,Licuadora Philips Daily Collection Hr2129 2 L Blanca Con Jarra De Plástico 220v,Philips,2022-08-08T13:01:17.000Z,2024-02-27T16:59:06.000Z,64490,Capital Federal,brand_verified,extended_warranty_eligible
MLA1546313476,Licuadora Oster Xpert Osblst3bc2t Color Plateado,Oster,2023-10-25T15:00:46.000Z,2024-02-27T14:37:16.000Z,208857,Capital Federal,standard_price_by_channel,deal_of_the_day
MLA1287015987,Licuadora Portátil Recargable Usb Vaso De 380ml Autolimpiant,Levys Bazar,2022-12-21T13:35:39.000Z,2024-02-27T17:02:32.000Z,11972.8,Capital Federal,good_quality_thumbnail,extended_warranty_eligible
MLA1396682411,Heladera Drean Hdr320f00 Steel Con Freezer 302l 220v,Drean,2023-11-23T18:38:01.000Z,2024-02-26T12:36:12.000Z,595900,Buenos Aires,standard_price_by_channel,cuota-simple-paid-by-buyer
MLA1273435287,Heladera Drean Hdr280f00 Blanca Con Freezer 264l 220v Color Blanco,Drean,2022-12-06T11:39:52.000Z,2024-02-27T16:07:56.000Z,464164,Santa Fe,cuota-simple-paid-by-buyer,deal_of_the_day
MLA1285905322,Heladera Minibar Briket Bk1f 10 Negra 125l 220v,Briket,2022-12-19T18:50:05.000Z,2024-02-27T15:45:04.942Z,383938.2,Capital Federal,brand_verified,extended_warranty_eligible
MLA1284759468,Heladera Con Freezer 314 Lts Black Steel Drean Hdr320f00n Color Negro,Drean,2022-12-17T12:29:59.000Z,2024-02-27T15:31:30.000Z,617964,Tucumán,deal_of_the_day,extended_warranty_eligible
MLA1317423504,"Heladera Freezer Inferior No Frost Con Digital Inverter,328l Color Silver",Samsung,2023-01-21T14:14:44.000Z,2024-02-26T03:06:26.000Z,1148799,Capital Federal,cuota-simple-paid-by-buyer,good_quality_thumbnail
MLA1395743083,Mini Heladera Frigobar Ushuaia Color Gris,Ushuaia,2023-11-14T16:21:13.000Z,2024-02-26T13:35:08.000Z,350000,Buenos Aires,extended_warranty_eligible,3x_campaign
MLA1506084990,Heladera Samsung Rt29k507js8 Invert 308lts Inox S/disp,Samsung,2023-09-12T19:34:17.000Z,2024-02-27T16:44:43.000Z,779999,Buenos Aires,extended_warranty_eligible,moderation_penalty
MLA1109382177,Heladera Freezer Superior Samsung No Frost 382 L Rt38k5932sl Color Inox,Samsung,2021-10-22T15:53:47.000Z,2024-02-27T11:54:42.000Z,962300,Buenos Aires,cuota-simple-paid-by-buyer,good_quality_picture
MLA1398287899,Juego De Burlete Universal Para Heladera,Genérica,2023-12-06T18:16:32.541Z,2024-02-27T15:01:38.351Z,12031.4,Misiones,good_quality_thumbnail,immediate_payment
MLA1281937689,Heladera Con Freezer Cíclica 362 Lts Gris Drean Hdr370f11s,Drean,2022-12-14T17:50:03.000Z,2024-02-27T02:02:18.000Z,680900,Buenos Aires,standard_price_by_channel,good_quality_thumbnail
MLA935494160,Heladera A Gas Minibar Whirlpool Retro Wra09 Vino 76l 220v,Whirlpool,2021-08-23T14:03:00.000Z,2024-02-23T14:37:28.000Z,589999,Capital Federal,extended_warranty_eligible,3x_campaign
MLA1307091793,Heladera Con Freezer Drean 314 Litros Gris Plata Hdr320f00s,Drean,2023-01-10T13:56:33.000Z,2024-02-27T16:02:24.876Z,595999,Santa Fe,good_quality_picture,deal_of_the_day
MLA1410425353,Heladera Inverter No Frost Samsung Rt29k577j Con Freezer 299l Excelente Estado,Samsung,2024-02-19T15:45:38.000Z,2024-02-27T15:43:00.000Z,859999,Capital Federal,extended_warranty_eligible,good_quality_thumbnail
MLA757858936,Termostato Ambiente Heladera Comercial +- 35°c Refrigeracion,BlueStar,2018-11-12T13:24:29.000Z,2024-02-27T15:37:59.000Z,11647.4,Capital Federal,brand_verified,good_quality_thumbnail
MLA1374679941,Heladera Minibar Vostok Ks-48r Blanca 50l 220v,Vostok,2023-06-26T18:00:25.000Z,2024-02-26T17:21:41.000Z,280999,Buenos Aires,good_quality_thumbnail,extended_warranty_eligible
MLA1388947657,Heladera Inverter No Frost Samsung Rs27t5561 Black Doi Con Freezer 756l 220v,Samsung,2023-09-20T13:27:26.000Z,2024-02-27T16:40:14.000Z,4799999,Buenos Aires,3x_campaign,good_quality_thumbnail
MLA1474223500,Heladera Bajo Mesada Siam Retro 45l Hsi-bm50nr Negra Color Negro,Siam,2023-08-17T03:09:36.000Z,2024-02-26T20:40:20.186Z,359999,Buenos Aires,cuota-simple-3,catalog_boost
MLA1487754500,Heladera Gafa Hgf358 Plata Con Freezer 282l 220v,Gafa,2023-08-29T14:55:29.000Z,2024-02-27T13:23:51.000Z,836070,Capital Federal,extended_warranty_eligible,cuota-simple-6
MLA1558124890,Heladera Eslabón De Lujo Erd34 Blanca Con Freezer 326l 220v,Eslabón de Lujo,2023-11-07T13:16:06.000Z,2024-02-27T13:24:33.000Z,526999,Capital Federal,extended_warranty_eligible,cuota-simple-paid-by-buyer
MLA615708974,Termostato Heladera Gafa Modelo Hgf 340 50 60 70 80 Original,Gafa,2016-04-07T20:46:06.000Z,2024-02-27T17:03:41.175Z,10949.0,Capital Federal,loyalty_discount_eligible,good_quality_thumbnail
MLA1291681729,Heladera No Frost Philco 94phsb555xt Plateada Con Freezer 555l 220v,Philco,2022-12-27T12:02:42.000Z,2024-02-27T16:32:28.000Z,1545599,Santa Fe,good_quality_thumbnail,extended_warranty_eligible
MLA1676602914,Heladera Con Freezer Vostok Kd93fs Silver 110lts Clase A Cts Color Plateado,Vostok,2024-02-21T14:37:29.000Z,2024-02-27T03:14:05.648Z,421498,Buenos Aires,deal_of_the_day,extended_warranty_eligible
MLA1116137500,Heladera Eslabón De Lujo Tropical Erd29a Blanca Con Freezer 273l 220v,Eslabón de Lujo,2021-12-15T15:57:31.000Z,2024-02-27T12:23:04.493Z,649999.0,Buenos Aires,good_quality_thumbnail,good_quality_picture
MLA1313221203,Heladera Philco Phct291 Inox Con Freezer 290l 220v,Philco,2023-01-16T18:07:02.000Z,2024-02-26T21:34:45.000Z,549999,Capital Federal,good_quality_picture,extended_warranty_eligible
MLA1280856811,Heladera Con Freezer Drean 277 Litros Blanca Hdr280f00,Drean,2022-12-13T17:05:12.000Z,2024-02-27T17:25:20.000Z,467999,Santa Fe,extended_warranty_eligible,good_quality_picture
MLA1426988874,Termostato Heladera Mabe/patrick 22036/22027 Original,MABE-PATRICK-G.E.,2023-05-31T18:34:15.000Z,2024-02-27T17:33:17.000Z,12200,Buenos Aires,good_quality_thumbnail,immediate_payment
MLA1409622444,Heladera Bajo Mesada Con Freezer Blanca Ultracomb Utc-93b Color Blanco,Ultracomb,2023-05-04T15:54:30.000Z,2024-02-26T17:28:31.000Z,427722,Capital Federal,good_quality_thumbnail,extended_warranty_eligible
MLA1411425869,Heladera Minibar Vostok Ks-48rvir Blanca 50l 220v,Vostok,2024-02-23T20:03:00.000Z,2024-02-27T12:29:04.000Z,258888,Buenos Aires,extended_warranty_eligible,good_quality_thumbnail
MLA1489657728,Heladera No Frost Philco Phsb530xt Inox Con Freezer 580l 220v,Philco,2023-08-30T20:39:41.000Z,2024-02-26T19:13:36.000Z,2001999.09,Capital Federal,good_quality_thumbnail,extended_warranty_eligible
MLA1107080198,Heladera Inverter No Frost Whirlpool Wre57k2 Inox Con Freezer 443l 220v,Whirlpool,2021-10-07T21:00:29.000Z,2024-02-27T14:44:40.000Z,1479999,Capital Federal,good_quality_picture,extended_warranty_eligible
MLA927146829,Estante Heladera Kohinoor 58 X 36 Cm Sin Guía,Koh I Noor,2021-06-25T18:58:29.000Z,2024-02-27T17:12:55.000Z,15203.79,Capital Federal,incomplete_technical_specs,standard_price_by_channel
MLA927523159,Heladera Minibar Lacar 30 Blanca 80l 220v,Lacar,2021-06-29T12:05:39.000Z,2024-02-27T17:20:06.000Z,342000,Capital Federal,extended_warranty_eligible,good_quality_thumbnail
MLA1136253211,Heladera Minibar Briket Bk1f 10 Roja 125l 220v,Briket,2022-05-07T12:01:15.000Z,2024-02-26T14:47:44.254Z,379999,Capital Federal,catalog_boost,extended_warranty_eligible
MLA1246194106,Heladera No Frost Hisense Rc-67wsg Negra Con Freezer 518l 220v,Hisense,2022-11-16T14:50:52.000Z,2024-02-27T00:57:53.000Z,1620000,Capital Federal,extended_warranty_eligible,good_quality_thumbnail
MLA1297724675,Heladera Drean Hdr400f11 Steel Con Freezer 396l 220v,Drean,2023-01-02T19:41:56.000Z,2024-02-27T03:12:11.000Z,743049,Santa Fe,good_quality_thumbnail,extended_warranty_eligible
MLA1104548981,Heladera Inverter No Frost Whirlpool Wrm56k2 Inox Con Freezer 462l 220v,Whirlpool,2021-09-22T13:15:12.000Z,2024-02-27T13:42:41.000Z,1349999,Capital Federal,good_quality_picture,extended_warranty_eligible
MLA1224104742,Frigobar Vondom 72l Negro Con Motor Compresor,Vondom,2022-11-04T00:33:08.000Z,2024-02-26T05:10:55.000Z,425000,Capital Federal,good_quality_thumbnail,mshops_pcj-co-funded
MLA1474557668,Heladera Cíclica Philco Top Mount 290 Lts Blanca Phct291b Color Blanco,Philco,2023-08-17T17:43:31.000Z,2024-02-26T03:06:53.000Z,519999,Capital Federal,cuota-simple-paid-by-buyer,good_quality_thumbnail
MLA1507955794,Heladera Con Freezer Cíclica 364 Lts Blanca Drean Hdr370f00b Blanco,Drean,2023-09-14T14:02:54.000Z,2024-02-27T16:14:20.000Z,566625,Capital Federal,extended_warranty_eligible,good_quality_thumbnail
MLA1191576081,Forzador Tangencial Heladera Exhibidora 18 Cm,Genérica,2022-10-12T19:37:07.000Z,2024-02-27T17:16:51.000Z,26265,Capital Federal,deal_of_the_day,good_quality_thumbnail
MLA1399753103,Heladera Con Freezer Vostok Kd200fn 200lts Black Edition,Vostok,2023-12-21T14:10:04.665Z,2024-02-27T03:06:35.171Z,444998,Buenos Aires,deal_of_the_day,extended_warranty_eligible
MLA1403629967,Filtro De Agua Para Refrigerador LG Adq73693901 Gr-j297 Gr-p257,LG,2024-01-22T17:58:12.000Z,2024-02-25T19:17:34.018Z,59394,Buenos Aires,good_quality_thumbnail,immediate_payment
MLA1391085767,Heladera Minibar Whirlpool Wrx12k2 Inoxidable 117l 220v,Whirlpool,2023-10-03T18:15:55.000Z,2024-02-27T02:52:07.000Z,592870,Capital Federal,good_quality_thumbnail,extended_warranty_eligible
MLA1518082492,Heladera Bajo Mesada Siam Retro 45l Hsi-bm50rr Roja Color Rojo,Siam,2023-09-25T17:02:50.000Z,2024-02-26T05:32:02.000Z,359999,Buenos Aires,extended_warranty_eligible,cuota-simple-3
MLA1409742607,Heladera Samsung Bespoke 328lts Satin Gray (pn),Samsung,2024-02-16T23:29:50.000Z,2024-02-27T15:30:24.000Z,1819999,Capital Federal,extended_warranty_eligible,good_quality_thumbnail
MLA1109914641,Heladera A Gas Minibar Whirlpool Retro Wra09 Blanca 76l 220v,Whirlpool,2021-10-27T14:05:58.000Z,2024-02-27T16:55:18.864Z,511999,Capital Federal,extended_warranty_eligible,good_quality_picture
MLA1389190314,Heladera Bajo Mesada Philco Phbm093b 90 L Blanca Color Blanco,Philco,2023-04-06T13:52:26.000Z,2024-02-27T16:56:22.000Z,389999,Santa Fe,good_quality_thumbnail,extended_warranty_eligible
MLA1119126218,Frigobar Vondom 46l Negro Con Motor Compresor,Vondom,2022-01-11T19:21:06.000Z,2024-02-23T23:41:13.000Z,345000,Capital Federal,good_quality_picture,mshops_pcj-co-funded
MLA1132626589,Heladera Freezer Superior Samsung No Frost 362 L Rt35k5532sl Color Inox,Samsung,2022-04-18T18:05:30.000Z,2024-02-27T16:58:46.000Z,960200,Buenos Aires,extended_warranty_eligible,standard_price_by_channel
MLA1430822960,Heladera Philco Phnt458x No Frost 405lts Inox,Philco,2023-06-09T14:50:59.000Z,2024-02-27T13:59:13.000Z,889999,Capital Federal,extended_warranty_eligible,good_quality_thumbnail
MLA848014571,Microondas Atma Easy Cook Md1720n 700w Blanco 20l 220v,Atma,2020-04-08T17:55:16.000Z,2024-02-27T14:35:15.000Z,127199,Capital Federal,brand_verified,cuota-simple-paid-by-buyer
MLA1365003393,Microondas Grill Atma Easy Cook Md1723gn   Blanco 23l 220v,Atma,2023-04-06T14:31:25.000Z,2024-02-27T10:06:14.000Z,145999,Capital Federal,standard_price_by_channel,cuota-simple-paid-by-buyer
MLA1605273418,Microonda Philco Mpd8620 700w 20litros Digital,Philco,2023-12-20T11:14:40.000Z,2024-02-27T15:28:09.487Z,134999,Buenos Aires,extended_warranty_eligible,good_quality_thumbnail
MLA1402126893,Microondas Rotativo Matrb20an 20lts 700w Negro Atma,Atma,2024-01-11T22:33:39.000Z,2024-02-27T14:31:16.154Z,128542,Capital Federal,standard_price_by_channel,extended_warranty_eligible
MLA936000383,Microondas Bgh Digital Quick Chef Eco 20 Litros B120ds20,BGH,2021-08-26T15:34:25.000Z,2024-02-27T15:45:16.000Z,176674,Santa Fe,deal_of_the_day,good_quality_thumbnail
MLA1150996525,Microondas Grill Bgh B228dn20   Negro 28l 220v,BGH,2022-08-10T19:20:15.000Z,2024-02-26T23:42:23.004Z,217999,Capital Federal,extended_warranty_eligible,good_quality_thumbnail
MLA1375093303,Microondas Grill Atma Md1823gn   Acero Inoxidable 23l 220v,Atma,2023-06-29T13:39:03.000Z,2024-02-27T16:12:09.000Z,185999,Buenos Aires,cuota-simple-3,lightning_deal
MLA1581874852,Microondas Bgh Quick Chef B223ds20 Digital Eco 23l,BGH,2023-11-29T14:32:48.713Z,2024-02-27T14:32:33.561Z,249999,Buenos Aires,good_quality_thumbnail,cuota-simple-paid-by-buyer
MLA926767508,Microondas Grill Bgh Quick Chef B228db9   Blanco 28l 220v,BGH,2021-06-23T14:31:13.000Z,2024-02-27T16:06:14.000Z,204999,Capital Federal,good_quality_thumbnail,good_quality_picture
MLA1535326890,Microondas Atma Vintage Md1820vn   Blanco 20l 220v,Atma,2023-10-12T17:12:23.000Z,2024-02-27T16:55:37.000Z,139999,Capital Federal,extended_warranty_eligible,good_quality_thumbnail
MLA1374329405,Microondas Grill Atma Md1820gn   Acero Inoxidable 17l 220v,Atma,2023-06-22T15:41:37.000Z,2024-02-27T15:36:15.000Z,159999,Capital Federal,cuota-simple-paid-by-buyer,good_quality_thumbnail
MLA1468618372,Microondas Grill Atma Easy Cook Md1728gn   Blanco 28l 220v,Atma,2023-08-08T13:59:45.000Z,2024-02-27T17:35:52.000Z,150784,Capital Federal,standard_price_by_channel,cuota-simple-paid-by-buyer
MLA1542209896,Microondas Philco 91mpg8428npi 28 Litros Con Grill Color Blanco,Philco,2023-10-20T18:41:27.000Z,2024-02-27T16:18:48.504Z,144999,Buenos Aires,extended_warranty_eligible,good_quality_thumbnail
MLA1481574012,Microondas Digital Atma Matdb20cn Negro 20 Lts 700w,Atma,2023-08-24T15:12:16.000Z,2024-02-27T15:51:17.000Z,146687,Capital Federal,cuota-simple-paid-by-buyer,extended_warranty_eligible
MLA907786534,Microondas Digital Bgh Quick Chef B330dss9 Trifunción 30 L,BGH,2021-02-09T21:13:43.000Z,2024-02-26T15:09:08.000Z,313400,Buenos Aires,cuota-simple-paid-by-buyer,extended_warranty_eligible
MLA1371842025,Microondas Bgh B120m20 Mecánico Quick Chef Blanco 20 Litros,BGH,2023-06-02T14:54:34.000Z,2024-02-27T17:01:24.000Z,150449,Capital Federal,extended_warranty_eligible,good_quality_thumbnail
MLA1246671369,Microondas Kelvinator K20dig   Silver 20l 220v,Kelvinator,2022-11-16T20:22:44.000Z,2024-02-27T16:37:02.000Z,151999,Buenos Aires,lightning_deal,extended_warranty_eligible
MLA1118668428,Microondas Philco Mpr8520npi   Blanco 20l 220v,Philco,2022-01-07T13:59:25.000Z,2024-02-27T16:18:38.000Z,124999,Buenos Aires,extended_warranty_eligible,good_quality_picture
MLA1471887242,Horno Microondas Con Grill LG - 42 Litros Mh8298dir,LG,2023-08-15T13:29:10.000Z,2024-02-27T16:03:07.162Z,395999,Capital Federal,deal_of_the_day,good_quality_thumbnail
MLA1147829141,Microondas Grill Sansei Mdgsa28npi   Blanco 28l 220v,Sansei,2022-07-22T20:32:47.000Z,2024-02-27T14:44:40.000Z,244999,Buenos Aires,extended_warranty_eligible,good_quality_picture
MLA1411381595,Microondas Rotativo Philco Wphrw20an 700w 20l,Philco,2024-02-23T17:46:08.000Z,2024-02-27T16:29:26.000Z,139999,Buenos Aires,extended_warranty_eligible,good_quality_thumbnail
MLA1387978941,Samsung Mg23f3k3ta Mg23f3k3tak/bg - Negro - 220v,Samsung,2023-09-13T10:26:29.000Z,2024-02-27T17:26:12.000Z,253499,Buenos Aires,extended_warranty_eligible,good_quality_thumbnail
MLA1574799646,Microondas Atma Easy Cook Mr1720npi   Blanco 20l 220v,Atma,2023-11-24T15:29:47.000Z,2024-02-26T22:13:48.000Z,155000,Buenos Aires,cuota-simple-paid-by-buyer,good_quality_thumbnail
MLA1121944556,Microondas Samsung Grill Cerámico Triple Distribución 23l Sl,Samsung,2022-02-03T02:41:11.000Z,2024-02-27T01:41:06.000Z,239899,Capital Federal,brand_verified,cuota-simple-paid-by-buyer
MLA1410806053,Horno Microondas Digital Grill Renacer 23lts 800w Cr823mg,Renacer,2024-02-20T20:22:11.000Z,2024-02-23T23:10:29.000Z,299999,Capital Federal,extended_warranty_eligible,good_quality_thumbnail
MLA1407247617,Microondas Bgh Eco Negro Digital 23 Litros 800w 220v Negro,BGH,2024-02-06T17:26:41.000Z,2024-02-27T15:48:35.503Z,196183,Capital Federal,cuota-simple-paid-by-buyer,standard_price_by_channel
MLA915239295,Microondas Bgh 28 Litros 220v Digital Eco B228ds20,BGH,2021-04-08T19:26:10.000Z,2024-02-27T15:05:16.526Z,222914,Santa Fe,good_quality_picture,deal_of_the_day
MLA1468527882,Microondas Grill Atma Md1828gn   Acero Inoxidable 28l 220v,Atma,2023-08-08T14:19:37.000Z,2024-02-27T03:40:14.917Z,216020,Capital Federal,extended_warranty_eligible,deal_of_the_day
MLA1313941664,Microondas Bgh Quick Chef B120db9   Blanco 20l 220v,BGH,2023-01-17T14:57:48.000Z,2024-02-27T03:02:36.000Z,155364,Santa Fe,good_quality_picture,cuota-simple-paid-by-buyer
MLA1388958159,Microondas Samsung 20 Litros Blanco Me731k-kd,Samsung,2023-09-20T13:00:33.000Z,2024-02-27T17:28:45.000Z,232099,Buenos Aires,good_quality_thumbnail,extended_warranty_eligible
MLA1315726310,Microondas Grill Samsung Mg22m8054a   Negro 22l 230v,Samsung,2023-01-19T11:34:45.000Z,2024-02-26T18:06:20.000Z,675999,Capital Federal,good_quality_picture,3x_campaign
MLA1543892930,Microondas Empotrable Atma Matbds25api 25l 900w,Atma,2023-10-23T14:40:29.000Z,2024-02-27T03:49:09.552Z,292229,Capital Federal,good_quality_thumbnail,deal_of_the_day
MLA1144365877,Microondas Whirlpool 20litros Wms20as Silver,Whirlpool,2022-06-26T23:15:59.000Z,2024-02-26T04:42:45.000Z,259999,Capital Federal,good_quality_thumbnail,good_quality_picture
MLA1148307007,Microondas Sansei Mrsa20npi   Blanco 20l 220v,Sansei,2022-07-25T19:58:03.000Z,2024-02-27T02:06:00.763Z,159999,Buenos Aires,cuota-simple-3,good_quality_thumbnail
MLA1266244122,Microondas Sansei Mdsa20npi   Blanco 20l 220v,Sansei,2022-12-01T12:25:58.000Z,2024-02-27T12:37:01.478Z,175999,Buenos Aires,good_quality_picture,good_quality_thumbnail
MLA1136899589,Microondas Bgh Eco Negro Digital 20 Litros 700w Monofunción,BGH,2022-05-11T20:22:59.000Z,2024-02-27T17:33:32.000Z,162806,Tucumán,cuota-simple-paid-by-buyer,good_quality_picture
MLA927398569,Microondas Smart Con Tecnología Hotblast 28l Mc28m6055ck,Samsung,2021-06-28T15:31:50.000Z,2024-02-27T16:12:40.092Z,577399,Buenos Aires,good_quality_picture,good_quality_thumbnail
MLA1396813635,Microondas Empotrable Philco Predicta Mppbts25ap 25l 900w,Philco,2023-11-24T20:41:39.097Z,2024-02-27T03:10:37.871Z,331145,Capital Federal,standard_price_by_channel,cuota-simple-paid-by-buyer
MLA1584748484,Microondas 29 Litros Digital Con Grill Rca Rw29dg 900w,RCA,2023-12-01T12:08:42.000Z,2024-02-27T03:10:38.000Z,180937,Capital Federal,cuota-simple-paid-by-buyer,deal_of_the_day
MLA1387888599,Microondas Grill Samsung Mg28f3k3t   Plata 28l 220v,Samsung,2023-09-13T10:46:20.000Z,2024-02-27T12:36:05.000Z,311999,Buenos Aires,good_quality_thumbnail,extended_warranty_eligible
MLA913616014,Microondas Grill Ariston Md 554 Ix A   Acero Inoxidable 31l 220v - 240v,Ariston,2021-03-26T17:04:33.000Z,2024-02-26T04:52:59.000Z,1002250,Capital Federal,good_quality_thumbnail,good_quality_picture
MLA1487494324,Microondas Grill Whirlpool Wms25a   Inoxidable 25l 230v - 240v,Whirlpool,2023-08-29T13:55:50.000Z,2024-02-27T17:26:07.295Z,286999,Capital Federal,good_quality_thumbnail,cuota-simple-paid-by-buyer
MLA1122596836,Microondas Daewoo 20 Litros Con Panel Digital D120d,Daewoo,2022-02-07T19:59:05.000Z,2024-02-26T21:35:27.786Z,171999,Buenos Aires,good_quality_thumbnail,3x_campaign
MLA1680928214,Microondas Daewoo D120m - Blanco 20lts - 220v,Daewoo,2024-02-24T12:52:03.000Z,2024-02-27T14:54:10.000Z,124902,Buenos Aires,good_quality_thumbnail,cuota-simple-paid-by-buyer
MLA1309714612,Microondas Aurora Mecánico Color Negro 20 L,Aurora,2023-01-12T17:15:12.000Z,2024-02-27T12:59:33.000Z,145159,Santa Fe,good_quality_picture,cuota-simple-paid-by-buyer
MLA1664682664,Microondas Rca Rw20mec   Blanco 20l 220v,RCA,2024-02-09T21:29:09.000Z,2024-02-26T19:07:17.000Z,122870,Santa Fe,cuota-simple-paid-by-buyer,extended_warranty_eligible
MLA902438921,Microondas Industrial Grill Moretti Comercial Micro Pro 25   Acero Inoxidable 25l 230v,Moretti,2020-12-28T16:17:13.000Z,2024-02-27T17:28:52.000Z,786607,Capital Federal,brand_verified,extended_warranty_eligible
MLA1681026140,Microondas Daewoo 23 Litros Bifunción Digital 800w Blanco,Daewoo,2024-02-24T12:57:38.000Z,2024-02-26T20:53:28.000Z,171000,Buenos Aires,extended_warranty_eligible,cuota-simple-paid-by-buyer
MLA1387808641,Microondas Whirlpool Mcp346sl Color Negro Plateado,Whirlpool,2023-09-12T18:11:54.000Z,2024-02-27T11:25:50.000Z,241999,Capital Federal,extended_warranty_eligible,good_quality_thumbnail
MLA1394169343,Kanji Kjh-m23lx001m - Blanco - 220v,Kanji,2023-10-31T16:22:06.000Z,2024-02-27T03:50:45.980Z,191519,Capital Federal,deal_of_the_day,extended_warranty_eligible